{
  "positive_count": 75643,
  "negative_count": 344821,
  "test_positive_count": 10000,
  "test_negative_count": 10000,
  "standard_bloom": {
    "memory_bytes": 90631,
    "num_bits": 725043,
    "num_hashes": 7,
    "estimated_fpr": 0.010039189418595672,
    "accuracy": 0.9978,
    "measured_fpr": 0.0044,
    "mean_latency_ns": 3765.79,
    "p50_latency_ns": 3700.0,
    "p95_latency_ns": 4700.0,
    "qps": 265548.53032165894
  },
  "learned_bloom": {
    "model_memory_bytes": 32784,
    "backup_bloom_memory_bytes": 12056,
    "total_memory_bytes": 44840,
    "false_negatives_count": 10062,
    "accuracy": 0.9701,
    "measured_fpr": 0.0598,
    "mean_latency_ns": 3916.695,
    "p50_latency_ns": 3900.0,
    "p95_latency_ns": 6500.0,
    "qps": 255317.30195994326
  },
  "comparison": {
    "memory_reduction_percent": 50.52465491939844,
    "fpr_improvement_factor": 0.07357859531772576,
    "latency_ratio": 1.04007260096819,
    "qps_ratio": 0.9614713425477347
  }
}