{
  "positive_count": 75643,
  "negative_count": 344821,
  "test_positive_count": 10000,
  "test_negative_count": 10000,
  "standard_bloom": {
    "memory_bytes": 90631,
    "num_bits": 725043,
    "num_hashes": 7,
    "estimated_fpr": 0.010039189418595672,
    "accuracy": 0.9978,
    "measured_fpr": 0.0044,
    "mean_latency_ns": 2920.54,
    "p50_latency_ns": 2700.0,
    "p95_latency_ns": 4400.0,
    "qps": 342402.43242687994
  },
  "learned_bloom": {
    "model_memory_bytes": 2097168,
    "backup_bloom_memory_bytes": 2946,
    "total_memory_bytes": 2100114,
    "false_negatives_count": 2458,
    "accuracy": 0.99425,
    "measured_fpr": 0.0115,
    "mean_latency_ns": 2544.16,
    "p50_latency_ns": 3350.0,
    "p95_latency_ns": 4000.0,
    "qps": 393057.0404377083
  },
  "comparison": {
    "memory_reduction_percent": -2217.2137568823027,
    "fpr_improvement_factor": 0.3826086956521739,
    "latency_ratio": 0.8711265724831709,
    "qps_ratio": 1.1479388088799447
  }
}