{
  "name": "step_01_word_tokens",
  "analyzer": "word",
  "ngram_range": [
    1,
    1
  ],
  "n_features": 262144,
  "accuracy": 0.9733033665108868,
  "roc_auc": 0.992038908899885,
  "avg_nnz_per_url": 6.4034,
  "mean_latency_ns": 101537.86,
  "p50_latency_ns": 100100.0,
  "p95_latency_ns": 177309.99999999985,
  "qps": 9848.543193642254,
  "num_queries": 20000
}