{
  "name": "step_02_char_trigrams",
  "analyzer": "char",
  "ngram_range": [
    3,
    3
  ],
  "n_features": 262144,
  "accuracy": 0.9757887101185592,
  "roc_auc": 0.9928680191986103,
  "avg_nnz_per_url": 43.4258,
  "mean_latency_ns": 139796.5,
  "p50_latency_ns": 89400.0,
  "p95_latency_ns": 342509.9999999999,
  "qps": 7153.254909815339,
  "num_queries": 20000
}