{
  "implementation": "python",
  "input": "data\\urldata.csv\\urldata.csv",
  "model_dir": "results\\fused_model",
  "train_size": 336371,
  "test_size": 84093,
  "accuracy": 0.9271758648163343,
  "roc_auc": 0.9644461479659591,
  "avg_nnz_per_url": 43.1222,
  "mean_latency_ns": 144540.852,
  "p50_latency_ns": 95200.0,
  "p95_latency_ns": 309700.0,
  "qps": 6918.459287897375,
  "num_queries": 50000,
  "threshold": 0.5,
  "n_features": 4096
}